{"cameraMode":{"drawMode":0,"name":"Shaded","section":"Shading Mode"},"sceneLighting":false,"audioPlay":false,"sceneViewState":{"m_AlwaysRefresh":false,"showFog":true,"showSkybox":false,"showFlares":true,"showImageEffects":true,"showParticleSystems":true,"showVisualEffectGraphs":true,"m_FxEnabled":true},"in2DMode":false,"pivot":{"x":-0.08590221405029297,"y":0.1700989305973053,"z":0.09236708283424378},"rotation":{"x":-0.01097055897116661,"y":0.5827696919441223,"z":-0.007866266183555127,"w":-0.8125308156013489},"size":0.3813929259777069,"orthographic":false}