{"cameraMode":{"drawMode":0,"name":"Shaded","section":"Shading Mode"},"sceneLighting":false,"audioPlay":false,"sceneViewState":{"m_AlwaysRefresh":false,"showFog":true,"showSkybox":false,"showFlares":true,"showImageEffects":true,"showParticleSystems":true,"showVisualEffectGraphs":true,"m_FxEnabled":true},"in2DMode":false,"pivot":{"x":-0.38377147912979128,"y":0.7702281475067139,"z":1.2237820625305176},"rotation":{"x":0.20638775825500489,"y":-0.07477036118507385,"z":0.015819163993000985,"w":0.9754826426506043},"size":2.36602520942688,"orthographic":false}