{"cameraMode":{"drawMode":0,"name":"Shaded","section":"Shading Mode"},"sceneLighting":false,"audioPlay":false,"sceneViewState":{"m_AlwaysRefresh":false,"showFog":true,"showSkybox":false,"showFlares":true,"showImageEffects":true,"showParticleSystems":true,"showVisualEffectGraphs":true,"m_FxEnabled":true},"in2DMode":false,"pivot":{"x":-15.951000213623047,"y":0.5070590376853943,"z":2.0437934398651125},"rotation":{"x":0.4306888282299042,"y":-0.3139553368091583,"z":0.16285046935081483,"w":0.8303141593933106},"size":1.0024467706680298,"orthographic":false}