{"cameraMode":{"drawMode":0,"name":"Shaded","section":"Shading Mode"},"sceneLighting":false,"audioPlay":false,"sceneViewState":{"m_AlwaysRefresh":false,"showFog":true,"showSkybox":true,"showFlares":true,"showImageEffects":true,"showParticleSystems":true,"showVisualEffectGraphs":true,"m_FxEnabled":true},"in2DMode":false,"pivot":{"x":-3.5639617443084719,"y":1.3880375623703004,"z":-1.2641860246658326},"rotation":{"x":0.08923520892858505,"y":0.0313691571354866,"z":-0.0028118311893194916,"w":0.9955145716667175},"size":2.1493921279907228,"orthographic":false}