{"cameraMode":{"drawMode":0,"name":"Shaded","section":"Shading Mode"},"sceneLighting":false,"audioPlay":false,"sceneViewState":{"m_AlwaysRefresh":false,"showFog":true,"showSkybox":true,"showFlares":true,"showImageEffects":true,"showParticleSystems":true,"showVisualEffectGraphs":true,"m_FxEnabled":true},"in2DMode":false,"pivot":{"x":-4.0958147048950199,"y":-2.477293014526367,"z":2.651444435119629},"rotation":{"x":0.37184903025627139,"y":-0.0005591037916019559,"z":0.00022348009224515408,"w":0.9282932281494141},"size":7.361778736114502,"orthographic":false}