{"cameraMode":{"drawMode":0,"name":"Shaded","section":"Shading Mode"},"sceneLighting":false,"audioPlay":false,"sceneViewState":{"m_AlwaysRefresh":false,"showFog":true,"showSkybox":true,"showFlares":true,"showImageEffects":true,"showParticleSystems":true,"showVisualEffectGraphs":true,"m_FxEnabled":true},"in2DMode":false,"pivot":{"x":-3.7764909267425539,"y":-1.0821685791015626,"z":1.5637130737304688},"rotation":{"x":0.3837805688381195,"y":0.006925592664629221,"z":-0.0028784088790416719,"w":0.923395037651062},"size":6.957159042358398,"orthographic":false}