{"cameraMode":{"drawMode":0,"name":"Shaded","section":"Shading Mode"},"sceneLighting":false,"audioPlay":false,"sceneViewState":{"m_AlwaysRefresh":false,"showFog":true,"showSkybox":true,"showFlares":true,"showImageEffects":true,"showParticleSystems":true,"showVisualEffectGraphs":true,"m_FxEnabled":true},"in2DMode":false,"pivot":{"x":-3.423085927963257,"y":-0.3382439613342285,"z":4.836525917053223},"rotation":{"x":0.16128601133823396,"y":0.008881954476237297,"z":-0.001451620482839644,"w":0.9868679642677307},"size":7.31721305847168,"orthographic":false}