{"cameraMode":{"drawMode":0,"name":"Shaded","section":"Shading Mode"},"sceneLighting":false,"audioPlay":false,"sceneViewState":{"m_AlwaysRefresh":false,"showFog":true,"showSkybox":true,"showFlares":true,"showImageEffects":true,"showParticleSystems":true,"showVisualEffectGraphs":true,"m_FxEnabled":true},"in2DMode":false,"pivot":{"x":0.01199561357498169,"y":0.018686771392822267,"z":-0.892425537109375},"rotation":{"x":0.3069293797016144,"y":0.014275315217673779,"z":-0.004605231340974569,"w":0.951619565486908},"size":5.66805362701416,"orthographic":false}