{"cameraMode":{"drawMode":0,"name":"Shaded","section":"Shading Mode"},"sceneLighting":false,"audioPlay":false,"sceneViewState":{"m_AlwaysRefresh":false,"showFog":true,"showSkybox":true,"showFlares":true,"showImageEffects":true,"showParticleSystems":true,"showVisualEffectGraphs":true,"m_FxEnabled":true},"in2DMode":false,"pivot":{"x":-1.3073062896728516,"y":3.2987828254699709,"z":-1.3632557392120362},"rotation":{"x":0.32198166847229006,"y":0.4049900472164154,"z":-0.15494319796562196,"w":0.8416142463684082},"size":3.8046417236328127,"orthographic":true}