{"cameraMode":{"drawMode":0,"name":"Shaded","section":"Shading Mode"},"sceneLighting":false,"audioPlay":false,"sceneViewState":{"m_AlwaysRefresh":false,"showFog":true,"showSkybox":true,"showFlares":true,"showImageEffects":true,"showParticleSystems":true,"showVisualEffectGraphs":true,"m_FxEnabled":true},"in2DMode":false,"pivot":{"x":-2.952181816101074,"y":1.6059015989303589,"z":1.9309000968933106},"rotation":{"x":0.08923520892858505,"y":0.0313691571354866,"z":-0.0028118311893194916,"w":0.9955145716667175},"size":3.980534791946411,"orthographic":false}