{"cameraMode":{"drawMode":0,"name":"Shaded","section":"Shading Mode"},"sceneLighting":false,"audioPlay":false,"sceneViewState":{"m_AlwaysRefresh":false,"showFog":true,"showSkybox":true,"showFlares":true,"showImageEffects":true,"showParticleSystems":true,"showVisualEffectGraphs":true,"m_FxEnabled":true},"in2DMode":false,"pivot":{"x":1.4516544342041016,"y":-3.427487373352051,"z":4.159515380859375},"rotation":{"x":0.28632622957229617,"y":-0.007185930386185646,"z":0.002147544175386429,"w":0.9581037163734436},"size":7.151742935180664,"orthographic":false}