{"cameraMode":{"drawMode":0,"name":"Shaded","section":"Shading Mode"},"sceneLighting":false,"audioPlay":false,"sceneViewState":{"m_AlwaysRefresh":false,"showFog":true,"showSkybox":true,"showFlares":true,"showImageEffects":true,"showParticleSystems":true,"showVisualEffectGraphs":true,"m_FxEnabled":true},"in2DMode":false,"pivot":{"x":2.9370646476745607,"y":1.1917510032653809,"z":-4.768523693084717},"rotation":{"x":0.3211981952190399,"y":-0.0056821140460669998,"z":0.0019268114119768143,"w":0.9469955563545227},"size":3.7305805683135988,"orthographic":false}