{"cameraMode":{"drawMode":0,"name":"Shaded","section":"Shading Mode"},"sceneLighting":false,"audioPlay":false,"sceneViewState":{"m_AlwaysRefresh":false,"showFog":true,"showSkybox":true,"showFlares":true,"showImageEffects":true,"showParticleSystems":true,"showVisualEffectGraphs":true,"m_FxEnabled":true},"in2DMode":false,"pivot":{"x":914.9262084960938,"y":449.0086669921875,"z":994.0733642578125},"rotation":{"x":0.01589723862707615,"y":-0.008998621255159378,"z":0.00014122616266831756,"w":0.9998369216918945},"size":1172.011962890625,"orthographic":false}