{"cameraMode":{"drawMode":0,"name":"Shaded","section":"Shading Mode"},"sceneLighting":false,"audioPlay":false,"sceneViewState":{"m_AlwaysRefresh":false,"showFog":true,"showSkybox":true,"showFlares":true,"showImageEffects":true,"showParticleSystems":true,"showVisualEffectGraphs":true,"m_FxEnabled":true},"in2DMode":false,"pivot":{"x":-2.5377988815307619,"y":0.2929363250732422,"z":10.074010848999024},"rotation":{"x":0.2957421541213989,"y":0.32633933424949648,"z":-0.10828960686922074,"w":0.8912428021430969},"size":17.773910522460939,"orthographic":false}