{"cameraMode":{"drawMode":0,"name":"Shaded","section":"Shading Mode"},"sceneLighting":true,"audioPlay":false,"sceneViewState":{"m_AlwaysRefresh":true,"showFog":true,"showSkybox":true,"showFlares":true,"showImageEffects":true,"showParticleSystems":true,"showVisualEffectGraphs":true,"m_FxEnabled":true},"in2DMode":false,"pivot":{"x":-4.911693572998047,"y":6.870489597320557,"z":0.09064558148384094},"rotation":{"x":-0.2949123680591583,"y":0.015197483822703362,"z":-0.0046959370374679569,"w":-0.9554093480110169},"size":8.011041641235352,"orthographic":false}