{"cameraMode":{"drawMode":0,"name":"Shaded","section":"Shading Mode"},"sceneLighting":true,"audioPlay":false,"sceneViewState":{"m_AlwaysRefresh":false,"showFog":true,"showSkybox":true,"showFlares":true,"showImageEffects":true,"showParticleSystems":true,"showVisualEffectGraphs":true,"m_FxEnabled":true},"in2DMode":false,"pivot":{"x":-5.812092304229736,"y":3.320122718811035,"z":-0.9429936408996582},"rotation":{"x":0.34218505024909975,"y":-0.34818488359451296,"z":0.13826291263103486,"w":0.8617200255393982},"size":9.654180526733399,"orthographic":true}