{"cameraMode":{"drawMode":0,"name":"Shaded","section":"Shading Mode"},"sceneLighting":false,"audioPlay":false,"sceneViewState":{"m_AlwaysRefresh":false,"showFog":true,"showSkybox":true,"showFlares":true,"showImageEffects":true,"showParticleSystems":true,"showVisualEffectGraphs":true,"m_FxEnabled":true},"in2DMode":false,"pivot":{"x":993.5520629882813,"y":425.91168212890627,"z":757.487548828125},"rotation":{"x":-0.1304369419813156,"y":-0.0008952209027484059,"z":0.0001176952791865915,"w":-0.9914562702178955},"size":1009.0394287109375,"orthographic":false}