{"cameraMode":{"drawMode":0,"name":"Shaded","section":"Shading Mode"},"sceneLighting":false,"audioPlay":false,"sceneViewState":{"m_AlwaysRefresh":false,"showFog":true,"showSkybox":true,"showFlares":true,"showImageEffects":true,"showParticleSystems":true,"showVisualEffectGraphs":true,"m_FxEnabled":true},"in2DMode":false,"pivot":{"x":0.35148555040359499,"y":1.0007034540176392,"z":-1.1917535066604615},"rotation":{"x":0.2931499481201172,"y":0.3952670395374298,"z":-0.13472649455070496,"w":0.8600544929504395},"size":1.1862480640411378,"orthographic":false}