{"cameraMode":{"drawMode":0,"name":"Shaded","section":"Shading Mode"},"sceneLighting":false,"audioPlay":false,"sceneViewState":{"m_AlwaysRefresh":false,"showFog":true,"showSkybox":false,"showFlares":true,"showImageEffects":true,"showParticleSystems":true,"showVisualEffectGraphs":true,"m_FxEnabled":true},"in2DMode":false,"pivot":{"x":-2.0677449703216554,"y":1.0478394031524659,"z":3.430053949356079},"rotation":{"x":-0.05393580347299576,"y":-0.037435803562402728,"z":-0.0020236296113580467,"w":0.9978423118591309},"size":0.8018004298210144,"orthographic":false}