{"cameraMode":{"drawMode":0,"name":"Shaded","section":"Shading Mode"},"sceneLighting":false,"audioPlay":false,"sceneViewState":{"m_AlwaysRefresh":false,"showFog":true,"showSkybox":false,"showFlares":true,"showImageEffects":true,"showParticleSystems":true,"showVisualEffectGraphs":true,"m_FxEnabled":true},"in2DMode":false,"pivot":{"x":-0.19310715794563294,"y":0.8453994989395142,"z":0.383242666721344},"rotation":{"x":0.0016746961046010256,"y":0.9979451894760132,"z":-0.05694461986422539,"w":0.029346119612455369},"size":0.9675409197807312,"orthographic":true}