{"cameraMode":{"drawMode":0,"name":"Shaded","section":"Shading Mode"},"sceneLighting":false,"audioPlay":false,"sceneViewState":{"m_AlwaysRefresh":false,"showFog":true,"showSkybox":false,"showFlares":true,"showImageEffects":true,"showParticleSystems":true,"showVisualEffectGraphs":true,"m_FxEnabled":true},"in2DMode":false,"pivot":{"x":0.10531255602836609,"y":0.10505764186382294,"z":0.07854679226875305},"rotation":{"x":0.047730449587106708,"y":-0.35070160031318667,"z":-0.017906872555613519,"w":-0.9351083040237427},"size":0.25745725631713869,"orthographic":false}