{"cameraMode":{"drawMode":0,"name":"Shaded","section":"Shading Mode"},"sceneLighting":false,"audioPlay":false,"sceneViewState":{"m_AlwaysRefresh":false,"showFog":true,"showSkybox":false,"showFlares":true,"showImageEffects":true,"showParticleSystems":true,"showVisualEffectGraphs":true,"m_FxEnabled":true},"in2DMode":false,"pivot":{"x":-8.183337211608887,"y":0.11013863235712052,"z":2.1911230087280275},"rotation":{"x":0.3090163767337799,"y":-0.20331591367721559,"z":0.06780529022216797,"w":0.9265929460525513},"size":0.36740103363990786,"orthographic":false}