{"cameraMode":{"drawMode":0,"name":"Shaded","section":"Shading Mode"},"sceneLighting":false,"audioPlay":false,"sceneViewState":{"m_AlwaysRefresh":false,"showFog":true,"showSkybox":false,"showFlares":true,"showImageEffects":true,"showParticleSystems":true,"showVisualEffectGraphs":true,"m_FxEnabled":true},"in2DMode":false,"pivot":{"x":-0.005001157522201538,"y":-0.2037920504808426,"z":-0.00656987726688385},"rotation":{"x":0.2650023102760315,"y":-0.08951673656702042,"z":0.024716263636946679,"w":0.9597690105438232},"size":0.32894572615623476,"orthographic":false}