{"cameraMode":{"drawMode":0,"name":"Shaded","section":"Shading Mode"},"sceneLighting":false,"audioPlay":false,"sceneViewState":{"m_AlwaysRefresh":false,"showFog":true,"showSkybox":false,"showFlares":true,"showImageEffects":true,"showParticleSystems":true,"showVisualEffectGraphs":true,"m_FxEnabled":true},"in2DMode":false,"pivot":{"x":-0.04823565483093262,"y":-1.5555813312530518,"z":2.0805535316467287},"rotation":{"x":0.2796434760093689,"y":0.2607463002204895,"z":-0.07920457422733307,"w":0.9206225275993347},"size":4.232261657714844,"orthographic":false}