{"cameraMode":{"drawMode":0,"name":"Shaded","section":"Shading Mode"},"sceneLighting":false,"audioPlay":false,"sceneViewState":{"m_AlwaysRefresh":false,"showFog":true,"showSkybox":false,"showFlares":true,"showImageEffects":true,"showParticleSystems":true,"showVisualEffectGraphs":true,"m_FxEnabled":true},"in2DMode":false,"pivot":{"x":0.006415128707885742,"y":0.21378731727600099,"z":0.014687657356262207},"rotation":{"x":-0.01097055897116661,"y":0.5827696919441223,"z":-0.007866266183555127,"w":-0.8125308156013489},"size":0.5912961363792419,"orthographic":false}