{"cameraMode":{"drawMode":0,"name":"Shaded","section":"Shading Mode"},"sceneLighting":false,"audioPlay":false,"sceneViewState":{"m_AlwaysRefresh":false,"showFog":true,"showSkybox":false,"showFlares":true,"showImageEffects":true,"showParticleSystems":true,"showVisualEffectGraphs":true,"m_FxEnabled":true},"in2DMode":false,"pivot":{"x":-8.252303123474121,"y":0.04514053091406822,"z":1.6433840990066529},"rotation":{"x":0.46837422251701357,"y":-0.16770024597644807,"z":0.09105030447244644,"w":0.8626804947853088},"size":0.20860329270362855,"orthographic":false}