{"cameraMode":{"drawMode":0,"name":"Shaded","section":"Shading Mode"},"sceneLighting":false,"audioPlay":false,"sceneViewState":{"m_AlwaysRefresh":false,"showFog":true,"showSkybox":false,"showFlares":true,"showImageEffects":true,"showParticleSystems":true,"showVisualEffectGraphs":true,"m_FxEnabled":true},"in2DMode":false,"pivot":{"x":-7.782624244689941,"y":0.2567574381828308,"z":0.6231023073196411},"rotation":{"x":-0.3822944164276123,"y":-0.11268182098865509,"z":0.047030214220285419,"w":-0.9159407615661621},"size":0.2936556041240692,"orthographic":false}